acs_field,shapefile_field
geoid,geoid
state_fips,state_fips
county_fips,cnty_fips
state_abbr,state_abbr
state_name,state_name
county_name,cnty_name
county_label,cnty_label
land_km2,land_km2
water_km2,water_km2
population,pop
pop_density_km2,pop_dens
median_hh_income,med_income
poverty_universe,pov_univ
below_poverty,below_pov
poverty_pct,pov_pct
race_white,r_white
race_black,r_black
race_aian,r_aian
race_asian,r_asian
race_nhpi,r_nhpi
race_other,r_other
race_two_plus,r_two_plus
commuters_total,commuters
commute_drive_alone,c_drive
commute_carpool,c_carpool
commute_transit,c_transit
commute_bicycle,c_bicycle
commute_walk,c_walk
commute_other,c_other
commute_wfh,c_wfh
transit_pct,transit_pc
wfh_pct,wfh_pct
