iso3,country,ndgain,vulnerab,readiness
AFG,Afghanistan,33.0117368826949,0.613643080264228,0.273877817918126
ALB,Albania,51.830062230906,0.41484199288523,0.45144323750335
DZA,Algeria,46.9620829867378,0.430263770218528,0.369505429953285
AND,Andorra,61.3636728677827,0.349690346299216,0.57696380365487
AGO,Angola,36.4421751502426,0.526648612374127,0.25549211537898
ATG,Antigua and Barbuda,47.8492572878814,0.480401290006308,0.437386435763936
ARG,Argentina,50.1723181866575,0.408216379456173,0.411662743189324
ARM,Armenia,53.118338970945,0.396590143272068,0.458956922690969
AUS,Australia,67.7367357104244,0.303339755064493,0.658074469272981
AUT,Austria,67.8091671551451,0.326405509943662,0.682588853046565
AZE,Azerbaijan,49.2299030484525,0.43372689991636,0.41832496088541
BHS,Bahamas,48.5738837362042,0.446238193961372,0.417715868685455
BHR,Bahrain,47.7492582047294,0.497117133661356,0.452102297755944
BGD,Bangladesh,38.1769470048453,0.545014563269302,0.308553503366208
BRB,Barbados,58.5611578777016,0.389491406939015,0.560714564493047
BLR,Belarus,54.1430627564634,0.355825080032552,0.43868633516182
BEL,Belgium,61.7882555494008,0.377154354353864,0.61291946534188
BLZ,Belize,43.2648300161936,0.496553186835831,0.361849787159703
BEN,Benin,39.5384309698331,0.581292627043785,0.372061246440447
BTN,Bhutan,43.5160226311244,0.538781473761485,0.409101926383972
BOL,"Bolivia, Plurinational State of",43.0404662670466,0.458036627171963,0.318845952512894
BIH,Bosnia and Herzegovina,50.3484229085791,0.379926171774466,0.386894629946048
BWA,Botswana,46.3477328424654,0.4797341981869,0.406688855036208
BRA,Brazil,50.5336359206279,0.366596214880835,0.377268933293393
BRN,Brunei Darussalam,49.5025743408196,0.423805754771361,0.413857241587752
BGR,Bulgaria,56.5280872100408,0.375312609267432,0.505874353468247
BFA,Burkina Faso,37.6463469320712,0.522620871799361,0.275547810440785
BDI,Burundi,32.2029008805815,0.607193286592515,0.251251304204145
KHM,Cambodia,42.1466594385631,0.471729041013092,0.314662229784355
CMR,Cameroon,39.7711560259263,0.479138621857018,0.274561742375544
CAN,Canada,68.2943661178991,0.282734280535723,0.648621602893705
CPV,Cape Verde,45.3386270451885,0.474142876449687,0.380915417353457
CAF,Central African Republic,28.1903954376649,0.587160341434513,0.150968250187811
TCD,Chad,28.1643778510369,0.63482388979519,0.198111446815928
CHL,Chile,59.7117572036808,0.348140489470504,0.54237563354412
CHN,China,52.5504143088699,0.393691136315004,0.444699422492402
COL,Colombia,50.8147715112188,0.406427263823625,0.422722694048001
COM,Comoros,37.7534931989617,0.496810285555073,0.251880149534307
COG,Congo,33.6291255227377,0.550442609394877,0.223025119849631
COD,"Congo, the Democratic Republic o",30.4604567581649,0.572707549754093,0.18191668491739
CRI,Costa Rica,53.8664577393916,0.385059070534879,0.462388225322712
CIV,Cote d'Ivoire,40.5761226940552,0.485694417967456,0.29721687184856
HRV,Croatia,56.6089027603474,0.395313639170352,0.527491694377301
CUB,Cuba,44.4606836529943,0.456788946129368,0.346002619189254
CYP,Cyprus,57.0323583794625,0.355366112455512,0.496013280044761
CZE,Czech Republic,65.0738730990353,0.305031765654876,0.606509227635582
DNK,Denmark,68.5338613480173,0.342215173923499,0.712892400883844
DJI,Djibouti,36.3731137018072,0.601258931736686,0.32872120577283
DMA,Dominica,59.1037383442922,0.43518517915077,0.617259946036614
DOM,Dominican Republic,45.8299400323403,0.474569735095177,0.391168535741982
ECU,Ecuador,44.7433129697731,0.4660048822083,0.360871141603763
EGY,Egypt,45.2226583757763,0.469851510199677,0.374304677715202
SLV,El Salvador,43.2423222359579,0.451547673978598,0.316394118697757
GNQ,Equatorial Guinea,35.4542235702178,0.450771286494229,0.159855757898585
ERI,Eritrea,27.7396447586927,0.622552111132212,0.177345006306066
EST,Estonia,62.8612271277951,0.357878180617916,0.615102723173818
ETH,Ethiopia,37.6752184679918,0.511778745300686,0.265283114660521
FJI,Fiji,47.0074633311586,0.488269294162733,0.428418560785905
FIN,Finland,70.9767031783665,0.306896939114576,0.726431002681905
FRA,France,66.2555579573604,0.323191532524663,0.64830269167187
GAB,Gabon,42.6871842142727,0.448605431796854,0.302349116082309
GMB,Gambia,35.3771743500738,0.558163209149137,0.265706696150614
GEO,Georgia,56.0484327686664,0.412741097396703,0.533709752770031
DEU,Germany,69.6500032995051,0.294209825910338,0.68720989190044
GHA,Ghana,43.6363029681832,0.477126118974239,0.349852178337902
GRC,Greece,59.8182721636647,0.355498273722902,0.551863716996195
GRD,Grenada,55.0753398348972,0.419506978483664,0.521013775181609
GTM,Guatemala,43.1730201434867,0.454020105570709,0.317480508440444
GIN,Guinea,40.7869506286751,0.478927849336803,0.294666861910305
GNB,Guinea-Bissau,33.2777359529816,0.614761824100127,0.280316543159758
GUY,Guyana,45.3726443009654,0.473771562664048,0.381224448683355
HTI,Haiti,33.5316328317117,0.537936601488066,0.208569258122299
HND,Honduras,42.0940042577652,0.462560166131404,0.304440251286708
HUN,Hungary,57.7155070332008,0.384721692516295,0.539031833180311
ISL,Iceland,64.9851700684848,0.312091289755822,0.611794691125519
IND,India,44.1310419831699,0.475829287058316,0.358450126721714
IDN,Indonesia,48.7566243815183,0.428568557514262,0.403701045144629
IRN,"Iran, Islamic Republic of",47.979789735635,0.429227678189213,0.388823472901914
IRQ,Iraq,35.0331788127475,0.496728733759981,0.197392310014931
IRL,Ireland,64.3974328532059,0.317222078927034,0.605170735991151
ISR,Israel,59.9894352848752,0.349479839945976,0.549268545643481
ITA,Italy,62.1321115260341,0.356379826795799,0.599022057316481
JAM,Jamaica,48.8526082962516,0.424877683207616,0.401929849132647
JPN,Japan,65.8802410974501,0.353612165060076,0.671216987009078
JOR,Jordan,49.204204174428,0.433518281892923,0.417602365381483
KAZ,Kazakhstan,55.9477956584617,0.356927104359612,0.475883017528846
KEN,Kenya,39.3919657643616,0.484230130042499,0.272069445329731
KIR,Kiribati,41.60756608067,0.537663409725198,0.369814731338598
PRK,"Korea, Democratic People's Repub",43.0430521407688,0.514092445224119,0.374953488039495
KOR,"Korea, Republic of",68.1155732891296,0.356088917675465,0.718400383458056
KWT,Kuwait,48.74696101007,0.435350450341241,0.410289670542641
KGZ,Kyrgyzstan,50.8610854338547,0.35039924114431,0.367620949821405
LAO,Lao People's Democratic Republic,40.2180747546073,0.491201747624946,0.295563242717091
LVA,Latvia,60.2716632255646,0.3861958319956,0.591629096506891
LBN,Lebanon,43.7476461226462,0.460860468497654,0.335813390950579
LSO,Lesotho,39.1762102401308,0.509647070034221,0.293171274836837
LBR,Liberia,35.4195360328738,0.58458888406964,0.292979604727116
LBY,Libyan Arab Jamahiriya,39.5706245710357,0.492964318524397,0.28437680994511
LIE,Liechtenstein,,,0.669535803803749
LTU,Lithuania,59.8495784842173,0.376116875423326,0.573108445107672
LUX,Luxembourg,65.8428370699279,0.340326030711306,0.657182772109864
MKD,Macedonia,52.111326886806,0.407856923184653,0.450083460920773
MDG,Madagascar,34.5085545911259,0.552791214049289,0.242962305871808
MWI,Malawi,35.6979652155984,0.567382782519416,0.281342086831385
MYS,Malaysia,54.3292083182076,0.371471819712147,0.458055986076299
MDV,Maldives,43.552523673794,0.538462287884968,0.409512761360848
MLI,Mali,34.0720253795552,0.588931773321677,0.270372280912781
MLT,Malta,57.0725686493736,0.349318492969297,0.490769865956769
MHL,Marshall Islands,44.8119529624113,0.50941921119408,0.405658270442306
MRT,Mauritania,32.0361107407566,0.654307130855304,0.295029345670437
MUS,Mauritius,51.4580028968403,0.45224571672038,0.481405774657186
MEX,Mexico,48.5125104476001,0.409456251932,0.379706460884002
FSM,"Micronesia, Federated States of",36.5411752486559,0.622739363940419,0.353562868913536
MDA,"Moldova, Republic of",51.3578954683014,0.451540282517237,0.478698191883264
MCO,Monaco,65.1911961955521,0.398246285734212,0.702070209645254
MNG,Mongolia,48.3305787491955,0.417212159801112,0.383823734785023
MNE,Montenegro,51.7315133031255,0.42505500092658,0.459685266989091
MAR,Morocco,47.1235886732089,0.451075115663884,0.393546889128062
MOZ,Mozambique,37.0717169295954,0.503229298627136,0.244663637219044
MMR,Myanmar,34.7944799158041,0.528124523239803,0.224014121555884
NAM,Namibia,42.1608285540501,0.504797837320591,0.348014408401593
NRU,Nauru,53.6694251591876,0.49843882498454,0.571827328168293
NPL,Nepal,42.443149068073,0.510279409250406,0.359142390611867
NLD,Netherlands,64.3784412454174,0.375683734916377,0.663252559824724
NZL,New Zealand,66.7774824887698,0.293631617200037,0.629181266975434
NIC,Nicaragua,44.1704439740552,0.4246687773867,0.308077656867803
NER,Niger,36.0946159927728,0.586406831114596,0.308299150970052
NGA,Nigeria,37.3763418449578,0.48686005346742,0.234386890366577
NOR,Norway,71.8557549295977,0.264730768406969,0.701845866998923
OMN,Oman,47.57154637888,0.46855911969552,0.41999004727312
PAK,Pakistan,38.7378946420358,0.529094966949424,0.303852859790139
PLW,Palau,52.9681667461857,0.483527213183654,0.542890548107368
PAN,Panama,47.9323670073111,0.424476709233825,0.383124049380047
PNG,Papua New Guinea,33.1436125438326,0.561677065835963,0.224549316712615
PRY,Paraguay,47.8573564157018,0.381287646165543,0.338434774479578
PER,Peru,48.1399427148958,0.418656752000123,0.381455606298039
PHL,Philippines,46.3994132810461,0.431180769702693,0.359169035323615
POL,Poland,62.3958236300458,0.313253461613338,0.561169934214254
PRT,Portugal,61.7924776645619,0.353827997205918,0.589677550497156
QAT,Qatar,52.1451015430191,0.413922272084676,0.456824302945058
ROU,Romania,55.9141772464004,0.398034334080248,0.516317879008256
RUS,Russian Federation,56.5864363877977,0.30910675617102,0.440835483926973
RWA,Rwanda,41.6273995263051,0.609816783195134,0.442364773721237
KNA,Saint Kitts and Nevis,57.1288002289659,0.476333178544283,0.618909183123601
LCA,Saint Lucia,53.4893368254344,0.347074459710825,0.416861196219514
VCT,Saint Vincent and the Grenadines,53.0248875483904,0.413490251251733,0.47398800221954
WSM,Samoa,40.6404243029312,0.556912058619981,0.369720544678605
SMR,San Marino,,,0.703427577489464
STP,Sao Tome and Principe,41.6949988478587,0.525878325378784,0.359778302335958
SAU,Saudi Arabia,49.7422165726741,0.472127337840308,0.466971669293791
SEN,Senegal,42.1828037561153,0.529585538686229,0.373241613808535
SRB,Serbia,50.5683428785616,0.46950391625684,0.480870773828072
SYC,Seychelles,49.124569167829,0.4218994860735,0.404390869430081
SLE,Sierra Leone,33.9572682098534,0.601208291635121,0.280353655832188
SGP,Singapore,68.6948085073077,0.371830954403334,0.745727124549488
SVK,Slovakia,58.4795712044325,0.370758889045553,0.540350313134204
SVN,Slovenia,63.133233351784,0.345237330773858,0.607901997809538
SLB,Solomon Islands,37.8966023572576,0.619033326426023,0.376965373571176
SOM,Somalia,27.3391539951957,0.639259522480692,0.186042602384605
ZAF,South Africa,43.8939366705093,0.436881394445169,0.314760127855354
ESP,Spain,61.9997169946046,0.324026524854261,0.564020864746354
LKA,Sri Lanka,44.7953841414737,0.441045848155008,0.336953530984483
SDN,Sudan,28.1849526718531,0.647250453436769,0.210949506873831
SUR,Suriname,46.5917877166931,0.439091791894984,0.370927546228846
SWZ,Swaziland,41.3325693355522,0.48344557972221,0.310096966433254
SWE,Sweden,68.2681342362543,0.321861553449224,0.687224238174309
CHE,Switzerland,69.1284379416794,0.294210802455139,0.676779561288728
SYR,Syrian Arab Republic,37.7833866798529,0.523220140858226,0.278887874455284
TJK,Tajikistan,47.5360037409992,0.362148904493186,0.312868979313171
TZA,"Tanzania, United Republic of",41.5751696230417,0.506746790786675,0.338250183247508
THA,Thailand,45.4238940348174,0.44514891595981,0.353626796656159
TLS,Timor-Leste,36.7887429056405,0.555841319571741,0.29161617768455
TGO,Togo,42.0447721699162,0.509093553131128,0.349988996529453
TON,Tonga,37.4507860461456,0.594786668624509,0.343802389547421
TTO,Trinidad and Tobago,47.0162201199064,0.390699884159329,0.331024286557458
TUN,Tunisia,45.1372663369556,0.441793006585503,0.344538333324615
TUR,Turkey,54.3879870297483,0.3978487071981,0.485608447793067
TKM,Turkmenistan,39.3420171345464,0.444029404617399,0.230869747308327
TUV,Tuvalu,43.3925690612524,0.563034963913064,0.430886345138112
UGA,Uganda,35.8843955323465,0.539783659955278,0.257471570602207
UKR,Ukraine,52.6427966942329,0.385161567858508,0.438017501743165
ARE,United Arab Emirates,53.1104818049083,0.420268826016156,0.482478462114322
GBR,United Kingdom,69.0837250671817,0.278925710518626,0.66060021186226
USA,United States,65.9608454703646,0.316403954909734,0.635620864317027
URY,Uruguay,54.733972002816,0.394659964617162,0.489339404673484
UZB,Uzbekistan,51.5647575497765,0.390069605864499,0.421364756860029
VUT,Vanuatu,36.6929121792153,0.542094084992804,0.27595232857711
VEN,"Venezuela, Bolivarian Republic o",42.7798416748922,0.386654346285916,0.242251179783761
VNM,Viet Nam,46.2696199437803,0.495635888663576,0.421028287539182
YEM,Yemen,31.7579534550825,0.622161685541869,0.257320754643518
ZMB,Zambia,39.0483463837757,0.49387987284245,0.274846800517964
ZWE,Zimbabwe,35.5397530685689,0.507661238706996,0.218456300078374
