iso3,country,gdp_pc_usd,year
AFE,Africa Eastern and Southern,1675.90252377611,2022
AFW,Africa Western and Central,2143.07209365676,2022
ARB,Arab World,7960.81158770821,2022
CSS,Caribbean small states,17449.5193422186,2022
CEB,Central Europe and the Baltics,19526.2463443821,2022
EAR,Early-demographic dividend,4017.48956260692,2022
EAS,East Asia & Pacific,13219.5863562213,2022
EAP,East Asia & Pacific (excluding high income),10107.0569545516,2022
TEA,East Asia & Pacific (IDA & IBRD countries),10220.556668162,2022
EMU,Euro area,41105.3462099324,2022
ECS,Europe & Central Asia,27968.286148204,2022
ECA,Europe & Central Asia (excluding high income),7264.37321853889,2022
TEC,Europe & Central Asia (IDA & IBRD countries),11422.1622613514,2022
EUU,European Union,38066.8240398192,2022
HPC,Heavily indebted poor countries (HIPC),1123.26894975331,2022
IBD,IBRD only,7679.78639337735,2022
IBT,IDA & IBRD total,6024.32591287554,2022
IDB,IDA blend,2241.22931753571,2022
IDX,IDA only,1333.98547158611,2022
IDA,IDA total,1651.01916315494,2022
LTE,Late-demographic dividend,12287.4566066286,2022
LCN,Latin America & Caribbean,9412.05924553392,2022
LAC,Latin America & Caribbean (excluding high income),8838.67169511547,2022
TLA,Latin America & the Caribbean (IDA & IBRD countries),9177.79711881332,2022
LDC,Least developed countries: UN classification,1298.29338219278,2022
LMY,Low & middle income,5626.6962378216,2022
MEA,"Middle East, North Africa, Afghanistan & Pakistan",6436.74030312288,2022
MNA,"Middle East, North Africa, Afghanistan & Pakistan (excluding high income)",3022.54814280134,2022
TMN,"Middle East, North Africa, Afghanistan & Pakistan (IDA & IBRD)",3017.03706401547,2022
MIC,Middle income,6209.92727259514,2022
NAC,North America,75769.6975468613,2022
OED,OECD members,44455.8357743973,2022
OSS,Other small states,14326.3081658507,2022
PSS,Pacific island small states,3941.90128416234,2022
PST,Post-demographic dividend,51597.0182783268,2022
PRE,Pre-demographic dividend,1769.1914721872,2022
SST,Small states,13644.5029834497,2022
SAS,South Asia,2326.72890585805,2022
TSA,South Asia (IDA & IBRD),2326.72890585805,2022
SSF,Sub-Saharan Africa,1864.70686111925,2022
SSA,Sub-Saharan Africa (excluding high income),1863.26040059117,2022
TSS,Sub-Saharan Africa (IDA & IBRD countries),1864.70686111924,2022
WLD,World,12876.2377124072,2022
AFG,Afghanistan,357.261152798144,2022
ALB,Albania,7756.96188744253,2022
DZA,Algeria,4960.30334332888,2022
ASM,American Samoa,18017.4589383973,2022
AND,Andorra,42414.0590111349,2022
AGO,Angola,3598.53669077341,2022
ATG,Antigua and Barbuda,20003.3909394099,2022
ARG,Argentina,13962.1894087223,2022
ARM,Armenia,6571.97445545099,2022
ABW,Aruba,31000.5713798732,2022
AUS,Australia,65169.5191118657,2022
AUT,Austria,52336.7725223758,2022
AZE,Azerbaijan,7770.594223351,2022
BHS,"Bahamas, The",34957.1613279737,2022
BHR,Bahrain,30470.5219276023,2022
BGD,Bangladesh,2716.48592780431,2022
BRB,Barbados,24393.2193483944,2022
BLR,Belarus,7994.64806074889,2022
BEL,Belgium,50639.0264882739,2022
BLZ,Belize,7068.21728043145,2022
BEN,Benin,1266.42711031904,2022
BMU,Bermuda,119969.173269085,2022
BTN,Bhutan,3711.32767981591,2022
BOL,Bolivia,4219.46113742445,2022
BIH,Bosnia and Herzegovina,7655.59421024383,2022
BWA,Botswana,8328.7090572666,2022
BRA,Brazil,9281.33334441234,2022
VGB,British Virgin Islands,,2022
BRN,Brunei Darussalam,36632.9280952155,2022
BGR,Bulgaria,13999.9113358453,2022
BFA,Burkina Faso,827.330843486661,2022
BDI,Burundi,301.832255755105,2022
CPV,Cabo Verde,4323.31362032709,2022
KHM,Cambodia,2325.03050040841,2022
CMR,Cameroon,1604.87726954895,2022
CAN,Canada,56496.9275340663,2022
CYM,Cayman Islands,92937.8838323153,2022
CAF,Central African Republic,467.359825026238,2022
TCD,Chad,966.036468278568,2022
CHI,Channel Islands,67627.1417347907,2022
CHL,Chile,15399.1044717559,2022
CHN,China,12970.6056414327,2022
COL,Colombia,6680.44506854481,2022
COM,Comoros,1533.87755393614,2022
COD,"Congo, Dem. Rep.",687.738587554685,2022
COG,"Congo, Rep.",2620.83804267402,2022
CRI,Costa Rica,13971.7649991294,2022
CIV,Cote d'Ivoire,2333.37128301259,2022
HRV,Croatia,18465.531473659,2022
CUB,Cuba,,2022
CUW,Curacao,20057.1404960105,2022
CYP,Cyprus,33231.05078125,2022
CZE,Czechia,28282.2236715857,2022
DNK,Denmark,67781.0940939514,2022
DJI,Djibouti,3133.25779772463,2022
DMA,Dominica,9323.66089490562,2022
DOM,Dominican Republic,10104.2464008585,2022
ECU,Ecuador,6515.58528418336,2022
EGY,"Egypt, Arab Rep.",4233.30783744856,2022
SLV,El Salvador,5074.60050994225,2022
GNQ,Equatorial Guinea,7589.29964909381,2022
ERI,Eritrea,,2022
EST,Estonia,28340.3826549406,2022
SWZ,Eswatini,3894.1620089869,2022
ETH,Ethiopia,982.103161502198,2022
FRO,Faroe Islands,67069.3987440509,2022
FJI,Fiji,5414.12092119088,2022
FIN,Finland,50440.560224974,2022
FRA,France,40988.6396406579,2022
PYF,French Polynesia,20053.9569369322,2022
GAB,Gabon,8409.20741452279,2022
GMB,"Gambia, The",836.244875868476,2022
GEO,Georgia,6729.84659930283,2022
DEU,Germany,50506.5179638543,2022
GHA,Ghana,2229.89122654479,2022
GIB,Gibraltar,,2022
GRC,Greece,20884.6773436263,2022
GRL,Greenland,55635.0006491223,2022
GRD,Grenada,10469.3867012856,2022
GUM,Guam,41833.1517132825,2022
GTM,Guatemala,5356.92435887895,2022
GIN,Guinea,1416.59612011764,2022
GNB,Guinea-Bissau,881.602654162231,2022
GUY,Guyana,17913.4928066879,2022
HTI,Haiti,1748.40890116803,2022
HND,Honduras,3003.28996826399,2022
HKG,"Hong Kong SAR, China",48825.0272275805,2022
HUN,Hungary,18428.028825614,2022
ISL,Iceland,76376.9599334915,2022
IND,India,2279.98145719369,2022
IDN,Indonesia,4730.83484836107,2022
IRN,"Iran, Islamic Rep.",4721.20437099984,2022
IRQ,Iraq,6520.73154560584,2022
IRL,Ireland,105190.685952731,2022
IMN,Isle of Man,88328.548125887,2022
ISR,Israel,54947.2091250715,2022
ITA,Italy,35653.9042103495,2022
JAM,Jamaica,6626.47502388538,2022
JPN,Japan,35548.2645222433,2022
JOR,Jordan,4754.41362207378,2022
KAZ,Kazakhstan,11255.3396437881,2022
KEN,Kenya,2109.56288513137,2022
KIR,Kiribati,2078.7648751855,2022
PRK,"Korea, Dem. People's Rep.",,2022
KOR,"Korea, Rep.",34822.4048404971,2022
XKX,Kosovo,5298.1473871027,2022
KWT,Kuwait,39981.7691035833,2022
KGZ,Kyrgyz Republic,1739.72018344174,2022
LAO,Lao PDR,2046.40440255621,2022
LVA,Latvia,20221.103686109,2022
LBN,Lebanon,3654.35845534878,2022
LSO,Lesotho,1030.12582947757,2022
LBR,Liberia,744.617175237387,2022
LBY,Libya,5986.63694851258,2022
LIE,Liechtenstein,188055.003235348,2022
LTU,Lithuania,24946.5724005188,2022
LUX,Luxembourg,123719.658915996,2022
MAC,"Macao SAR, China",36806.891255461,2022
MDG,Madagascar,504.059106969168,2022
MWI,Malawi,604.269740360317,2022
MYS,Malaysia,11754.5678336248,2022
MDV,Maldives,11786.0191492983,2022
MLI,Mali,976.914116406452,2022
MLT,Malta,35658.8318250199,2022
MHL,Marshall Islands,6455.6603538189,2022
MRT,Mauritania,1961.28166648869,2022
MUS,Mauritius,10246.5017455553,2022
MEX,Mexico,11405.7940469896,2022
FSM,"Micronesia, Fed. Sts.",3703.66680343222,2022
MDA,Moldova,5744.29618434435,2022
MCO,Monaco,226052.060664649,2022
MNG,Mongolia,4993.51487463495,2022
MNE,Montenegro,10038.1849482517,2022
MAR,Morocco,3463.1376953125,2022
MOZ,Mozambique,578.273222184503,2022
MMR,Myanmar,1158.05005034332,2022
NAM,Namibia,4349.79908493314,2022
NRU,Naoero,15309.8345351924,2022
NPL,Nepal,1385.91066002922,2022
NLD,Netherlands,59123.318556487,2022
NCL,New Caledonia,33516.363085906,2022
NZL,New Zealand,49141.6316294227,2022
NIC,Nicaragua,2322.89069619459,2022
NER,Niger,613.614736429298,2022
NGA,Nigeria,2899.16047469267,2022
MKD,North Macedonia,7606.2375253797,2022
MNP,Northern Mariana Islands,23785.754590043,2022
NOR,Norway,113122.130765691,2022
OMN,Oman,23223.5829405935,2022
PAK,Pakistan,1538.3228133171,2022
PLW,Palau,13934.951996171,2022
PAN,Panama,17378.6070083597,2022
PNG,Papua New Guinea,3102.29409730005,2022
PRY,Paraguay,6189.10205375331,2022
PER,Peru,7353.74598721667,2022
PHL,Philippines,3548.06930572116,2022
POL,Poland,18891.2121169279,2022
PRT,Portugal,24620.5197587181,2022
PRI,Puerto Rico (US),35353.5613891039,2022
QAT,Qatar,88701.463352273,2022
ROU,Romania,15503.4691366242,2022
RUS,Russian Federation,15625.6328125,2022
RWA,Rwanda,1007.05989322914,2022
WSM,Samoa,4132.44717734444,2022
SMR,San Marino,54264.5837022908,2022
STP,Sao Tome and Principe,2389.73729784737,2022
SAU,Saudi Arabia,38510.2276211037,2022
SEN,Senegal,1574.0281059306,2022
SRB,Serbia,10024.8191112596,2022
SYC,Seychelles,16682.6990711785,2022
SLE,Sierra Leone,860.371067874555,2022
SGP,Singapore,91227.6970426492,2022
SXM,Sint Maarten (Dutch part),37793.1283815826,2022
SVK,Slovak Republic,21317.7943982363,2022
SVN,Slovenia,28360.3041467268,2022
SLB,Solomon Islands,1877.78104490956,2022
SOM,"Somalia, Fed. Rep.",573.141165798229,2022
ZAF,South Africa,6534.24867783397,2022
SSD,South Sudan,,2022
ESP,Spain,30319.4987196616,2022
LKA,Sri Lanka,3342.63650438046,2022
KNA,St. Kitts and Nevis,21011.5744209816,2022
LCA,St. Lucia,12976.1489693474,2022
MAF,St. Martin (French part),,2022
VCT,St. Vincent and the Grenadines,9693.55867833025,2022
SDN,Sudan,1046.24084472656,2022
SUR,Suriname,6084.43876736445,2022
SWE,Sweden,54836.8907235124,2022
CHE,Switzerland,97809.095567203,2022
SYR,Syrian Arab Republic,1056.78264718197,2022
TJK,Tajikistan,1052.17949484894,2022
TZA,Tanzania,1207.52062988281,2022
THA,Thailand,6910.00995211206,2022
TLS,Timor-Leste,2343.24955542816,2022
TGO,Togo,1071.61539220759,2022
TON,Tonga,5298.01942454298,2022
TTO,Trinidad and Tobago,20750.5202434652,2022
TUN,Tunisia,3707.29283414381,2022
TUR,Turkiye,10897.8397861365,2022
TKM,Turkmenistan,5198.18947409551,2022
TCA,Turks and Caicos Islands,31280.5418020808,2022
TUV,Tuvalu,5414.74642912412,2022
UGA,Uganda,963.067314117178,2022
UKR,Ukraine,4199.6708984375,2022
ARE,United Arab Emirates,50759.7590190204,2022
GBR,United Kingdom,47034.7795621476,2022
USA,United States,78008.6895811877,2022
URY,Uruguay,21009.2883798725,2022
UZB,Uzbekistan,2698.60262953369,2022
VUT,Vanuatu,3679.53524327491,2022
VEN,"Venezuela, RB",3155.04190923584,2022
VNM,Viet Nam,4147.69777213621,2022
VIR,Virgin Islands (U.S.),44320.909185774,2022
PSE,West Bank and Gaza,3799.95527015163,2022
YEM,"Yemen, Rep.",,2022
ZMB,Zambia,1447.12310138035,2022
ZWE,Zimbabwe,2536.40197087505,2022
